name,description,category,badge,featured,stars,github_url,website,tags,readme_url
Context 7,Up-to-date Docs For Any Cursor Prompt,Development,Official,true,40458,https://github.com/upstash/context7-mcp,,"development,backend",https://github.com/upstash/context7-mcp/blob/main/README.md
GitHub,GitHub's official MCP Server,Development,Official,true,25525,https://github.com/github/github-mcp-server,,"git,github,version-control",https://github.com/github/github-mcp-server/blob/main/README.md
Playwright,Playwright MCP server,Testing,Official,true,24922,https://github.com/microsoft/playwright-mcp,,"automation,playwright,testing",https://github.com/microsoft/playwright-mcp/blob/main/README.md
Mastra/mcp,Client implementation for Mastra providing seamless AI integration,Framework,Official,true,19035,https://github.com/mastra-ai/mastra,,api-integration,https://github.com/mastra-ai/mastra/blob/main/README.md
Chrome DevTools MCP,Lets your coding agent control and inspect a live Chrome browser,Development,Official,true,18237,https://github.com/chromedevtools/chrome-devtools-mcp,,"browser-automation,web-scraping",https://github.com/chromedevtools/chrome-devtools-mcp/blob/main/README.md
MCP Toolbox for Databases,Open source MCP server specializing in easy fast and secure tools for Databases.,Database,Official,true,11990,https://github.com/googleapis/genai-toolbox,,"database,schema-design,sql",https://github.com/googleapis/genai-toolbox/blob/main/README.md
Cua,MCP server for the Computer-Use Agent (CUA),Development,Official,true,11609,https://github.com/trycua/cua,,"development,backend",https://github.com/trycua/cua/blob/main/README.md
Inbox Zero,AI personal assistant for achieving email inbox zero,Productivity,Official,true,9653,https://github.com/elie222/inbox-zero,,"communication,productivity,workflow",https://github.com/elie222/inbox-zero/blob/main/README.md
InstantDB,Create and manage applications on modern Firebase alternative,Backend,Official,true,9555,https://github.com/instantdb/instant,,"api-design,backend",https://github.com/instantdb/instant/blob/main/README.md
Firecrawl,Extract web data with Firecrawl,Web Scraping,Official,true,5149,https://github.com/mendableai/firecrawl-mcp-server,,"content-extraction,web-scraping",https://github.com/mendableai/firecrawl-mcp-server/blob/main/README.md
Firecrawl MCP,Powerful web scraping and search capabilities for LLM clients,Web Scraping,Official,true,5149,https://github.com/firecrawl/firecrawl-mcp-server,,"llm,semantic-search,web-scraping",https://github.com/firecrawl/firecrawl-mcp-server/blob/main/README.md
Lingo.dev,Make your AI agent speak every language on the planet,Localization,Official,true,5084,https://github.com/lingodotdev/lingo.dev,,api-integration,https://github.com/lingodotdev/lingo.dev/blob/main/README.md
21st.dev Magic,Create crafted UI components inspired by the best 21st.dev design engineers,Development,Official,true,4057,https://github.com/21st-dev/magic-mcp,,"development,backend",https://github.com/21st-dev/magic-mcp/blob/main/README.md
Notion,Notion official MCP server,Productivity,Official,true,3636,https://github.com/makenotion/notion-mcp-server,,"notion,productivity,workflow",https://github.com/makenotion/notion-mcp-server/blob/main/README.md
Exa,Search Engine made for AIs by Exa,Search,Official,true,3472,https://github.com/exa-labs/exa-mcp-server,,"search,semantic-search",https://github.com/exa-labs/exa-mcp-server/blob/main/README.md
Chart,Model Context Protocol server for generating visual charts using AntV,"Productivity,File System",Official,true,3392,https://github.com/antvis/mcp-server-chart,,"productivity,workflow",https://github.com/antvis/mcp-server-chart/blob/main/README.md
Cloudflare,"Deploy, configure & interrogate your resources on the Cloudflare developer platform",Development,Official,true,3229,https://github.com/cloudflare/mcp-server-cloudflare,,"development,backend",https://github.com/cloudflare/mcp-server-cloudflare/blob/main/README.md
Browserbase,Automate browser interactions in the cloud (web navigation data extraction),Development,Official,true,2994,https://github.com/browserbase/mcp-server-browserbase,,"browser-automation,web-scraping",https://github.com/browserbase/mcp-server-browserbase/blob/main/README.md
Google MCP Servers,Collection of Google's official MCP servers,Cloud,Official,true,2760,https://github.com/google/mcp,,"cloud,devops",https://github.com/google/mcp/blob/main/README.md
Azure MCP Server,Comprehensive Azure tools integration for AI agents and VS Code,Productivity,Official,true,2365,https://github.com/microsoft/mcp,,"agents,productivity,workflow",https://github.com/microsoft/mcp/blob/main/README.md
Supabase,Backend platform with database and auth,Backend,Official,true,2351,https://github.com/supabase-community/supabase-mcp,,"backend,postgresql,supabase",https://github.com/supabase-community/supabase-mcp/blob/main/README.md
Grafana,Search dashboards investigate incidents and query datasources in your Grafana instance,Observability,Official,true,2045,https://github.com/grafana/mcp-grafana,,"monitoring,observability,semantic-search",https://github.com/grafana/mcp-grafana/blob/main/README.md
Perplexity,MCP server connecting to Perplexity's Sonar API enabling real-time web-wide research,Search,Official,true,1857,https://github.com/ppl-ai/modelcontextprotocol,,"api-design,search,semantic-search",https://github.com/ppl-ai/modelcontextprotocol/blob/main/README.md
Perplexity Ask MCP,Connector for the Perplexity API to enable web search within the MCP ecosystem,Search,Official,true,1857,https://github.com/perplexityai/modelcontextprotocol,,"api-design,search,semantic-search",https://github.com/perplexityai/modelcontextprotocol/blob/main/README.md
Bright Data,"Discover, extract, and interact with the web - one interface powering automated access",Productivity,Sponsor,true,1817,https://github.com/brightdata/brightdata-mcp,,"productivity,workflow",https://github.com/brightdata/brightdata-mcp/blob/main/README.md
Azure MCP,Manage and interact with Microsoft Azure services,"Productivity,File System",Official,true,1195,https://github.com/azure/azure-mcp,,"microsoft,productivity,workflow",https://github.com/azure/azure-mcp/blob/main/README.md
Stripe,Payment API integration,Finance,Official,true,1176,https://github.com/stripe/agent-toolkit,,"finance,fintech,payment,stripe",https://github.com/stripe/agent-toolkit/blob/main/README.md
Qdrant,Implement semantic memory layer on top of the Qdrant vector search engine,Search,Official,true,1150,https://github.com/qdrant/mcp-server-qdrant,,"search,semantic-search,vector-database",https://github.com/qdrant/mcp-server-qdrant/blob/main/README.md
Qdrant MCP,Semantic search using the Qdrant vector database,Search,Official,true,1150,https://github.com/qdrant/mcp-server-qdrant,,"search,semantic-search,vector-database",https://github.com/qdrant/mcp-server-qdrant/blob/main/README.md
MiniMax MCP,Provides text-to-speech image and video generation APIs,AI/ML,Official,true,1138,https://github.com/minimax-ai/minimax-mcp,,"ai-ml,api-design",https://github.com/minimax-ai/minimax-mcp/blob/main/README.md
ElevenLabs,The official ElevenLabs MCP server,AI/ML,Official,true,1121,https://github.com/elevenlabs/elevenlabs-mcp,,ai-ml,https://github.com/elevenlabs/elevenlabs-mcp/blob/main/README.md
Tavily,Search engine for AI agents (search + extract) powered by Tavily,Search,Official,true,1030,https://github.com/tavily-ai/tavily-mcp,,"agents,ai-ml,semantic-search",https://github.com/tavily-ai/tavily-mcp/blob/main/README.md
JetBrains,Work on your code with JetBrains IDEs,Development,Official,true,939,https://github.com/JetBrains/mcp-jetbrains,,"development,backend",https://github.com/JetBrains/mcp-jetbrains/blob/main/README.md
CloudBase AI ToolKit,Go from AI prompt to live app in one click connecting AI IDEs to Tencent CloudBase,Research,Official,true,908,https://github.com/tencentcloudbase/cloudbase-ai-toolkit,,"search,semantic-search",https://github.com/tencentcloudbase/cloudbase-ai-toolkit/blob/main/README.md
Ref,Up-to-date documentation for coding agents covering 1000s of public repos,Documentation,Official,true,887,https://github.com/ref-tools/ref-tools-mcp,,"agents,ai-ml",https://github.com/ref-tools/ref-tools-mcp/blob/main/README.md
Neo4j,Provides graph database functionality with Cypher operations,Database,Official,true,859,https://github.com/neo4j-contrib/mcp-neo4j,,"database,schema-design,sql",https://github.com/neo4j-contrib/mcp-neo4j/blob/main/README.md
Financial Datasets,Stock market API made for AI agents,Finance,Official,true,725,https://github.com/financial-datasets/mcp-server,,"agents,finance,payment",https://github.com/financial-datasets/mcp-server/blob/main/README.md
Hyperbrowser,Next-generation platform empowering AI agents and enabling effortless scalable browser automation,Automation,Official,true,667,https://github.com/hyperbrowserai/mcp,,"agents,ai-ml,web-scraping",https://github.com/hyperbrowserai/mcp/blob/main/README.md
Apify,Extract data from any website with thousands of scrapers,"Productivity,File System",Official,true,662,https://github.com/apify/apify-mcp-server,,"api-design,productivity,workflow",https://github.com/apify/apify-mcp-server/blob/main/README.md
ClickHouse,Query your ClickHouse database server,Development,Official,true,630,https://github.com/ClickHouse/mcp-clickhouse,,"database,sql",https://github.com/ClickHouse/mcp-clickhouse/blob/main/README.md
Semgrep,Code security analysis tool,Security,Official,true,630,https://github.com/semgrep/mcp,,"compliance,security",https://github.com/semgrep/mcp/blob/main/README.md
pg-aiguide,Postgres skills and documentation to help AI coding tools generate better SQL code,Database,Official,true,624,https://github.com/timescale/pg-aiguide,,"database,schema-design,sql",https://github.com/timescale/pg-aiguide/blob/main/README.md
Google Cloud MCP,Interact with Google Cloud services and manage your cloud resources,Cloud,Official,true,584,https://github.com/googleapis/gcloud-mcp,,"cloud,devops",https://github.com/googleapis/gcloud-mcp/blob/main/README.md
Neon,Interact with the Neon serverless Postgres platform,Database,Official,true,531,https://github.com/neondatabase/mcp-server-neon,,"database,schema-design,sql",https://github.com/neondatabase/mcp-server-neon/blob/main/README.md
LINE Official Account,Integrates the LINE Messaging API to connect an AI Agent,Communication,Official,true,505,https://github.com/line/line-bot-mcp-server,,"api-design,communication,messaging",https://github.com/line/line-bot-mcp-server/blob/main/README.md
Google Cloud Run,Official deployment MCP server for Google Cloud Run,Cloud,Official,true,501,https://github.com/GoogleCloudPlatform/cloud-run-mcp,,"cloud,devops",https://github.com/GoogleCloudPlatform/cloud-run-mcp/blob/main/README.md
Sentry,Error tracking and monitoring platform,Observability,Official,true,490,https://github.com/getsentry/sentry-mcp,,"monitoring,observability",https://github.com/getsentry/sentry-mcp/blob/main/README.md
Next.js DevTools MCP,Offers development tools for Claude and Cursor integration,Development,Official,true,484,https://github.com/vercel/next-devtools-mcp,,"development,backend",https://github.com/vercel/next-devtools-mcp/blob/main/README.md
Chroma,Embeddings vector search document storage and full-text search,Development,Official,true,451,https://github.com/chroma-core/chroma-mcp,,"ai-ml,semantic-search,vector-database",https://github.com/chroma-core/chroma-mcp/blob/main/README.md
dbt,Official MCP server for dbt (data build tool) with CLI integration,Development,Official,true,448,https://github.com/dbt-labs/dbt-mcp,,"development,backend",https://github.com/dbt-labs/dbt-mcp/blob/main/README.md
Resend Email,Send emails directly from your editor using the Resend API,Email,Official,true,421,https://github.com/resend/mcp-send-email,,"ai-ml,api-design,communication",https://github.com/resend/mcp-send-email/blob/main/README.md
MotherDuck,Query and analyze data with MotherDuck and local DuckDB,Database,Official,true,387,https://github.com/motherduckdb/mcp-server-motherduck,,"database,schema-design,sql",https://github.com/motherduckdb/mcp-server-motherduck/blob/main/README.md
Graphlit,Ingest from Slack Gmail podcast feeds and web crawling into searchable projects,Data,Official,true,368,https://github.com/graphlit/graphlit-mcp-server,,"data,search,semantic-search",https://github.com/graphlit/graphlit-mcp-server/blob/main/README.md
E2B,Run code in secure sandboxes hosted by E2B,Web Scraping,Official,true,364,https://github.com/e2b-dev/mcp-server,,"content-extraction,web-scraping",https://github.com/e2b-dev/mcp-server/blob/main/README.md
EdgeOne Pages MCP,MCP service for deploying HTML content to EdgeOne Pages,Productivity,Official,true,340,https://github.com/TencentEdgeOne/edgeone-pages-mcp,,"productivity,workflow",https://github.com/TencentEdgeOne/edgeone-pages-mcp/blob/main/README.md
GitKraken,A CLI for interacting with GitKraken APIs. Includes an MCP server via gk mcp that also wraps Jira GitHub and GitLab integrations,Development,Official,true,337,https://github.com/gitkraken/gk-cli,,"api-design,git,github",https://github.com/gitkraken/gk-cli/blob/main/README.md
SonarQube,Code quality analysis integration,Development,Official,true,332,https://github.com/SonarSource/sonarqube-mcp-server,,"development,backend",https://github.com/SonarSource/sonarqube-mcp-server/blob/main/README.md
Devopness,Devopness MCP server for DevOps happiness! Empower AI Agents to deploy apps and infra,Development,Official,true,331,https://github.com/devopness/devopness,,"agents,ai-ml",https://github.com/devopness/devopness/blob/main/README.md
Mapbox,Unlock geospatial intelligence through APIs like geocoding and directions,Geospatial,Official,true,296,https://github.com/mapbox/mcp-server,,"api-design,api-integration",https://github.com/mapbox/mcp-server/blob/main/README.md
Kagi Search,Search the web using Kagi's search API,Search,Official,true,247,https://github.com/kagisearch/kagimcp,,"api-design,search,semantic-search",https://github.com/kagisearch/kagimcp/blob/main/README.md
Apache Doris,MPP-based real-time data warehouse integration,"Communication,Productivity",Official,true,237,https://github.com/apache/doris-mcp-server,,"communication,messaging",https://github.com/apache/doris-mcp-server/blob/main/README.md
ForeverVM,Run Python in a code sandbox,Development,Official,true,224,https://github.com/jamsocket/forevervm,,"development,backend",https://github.com/jamsocket/forevervm/blob/main/README.md
Milvus,Search Query and interact with data in your Milvus Vector Database.,Database,Official,true,207,https://github.com/zilliztech/mcp-server-milvus,,"database,semantic-search,sql,vector-database",https://github.com/zilliztech/mcp-server-milvus/blob/main/README.md
Comet Opik,Query and analyze your Opik logs traces prompts and all other telemetry data,Development,Official,true,194,https://github.com/comet-ml/opik-mcp,,"development,backend",https://github.com/comet-ml/opik-mcp/blob/main/README.md
Armor Crypto MCP,Blockchain DeFi staking swaps wallet management tools,"File System,Productivity",Official,true,183,https://github.com/armorwallet/armor-crypto-mcp,,"productivity,workflow",https://github.com/armorwallet/armor-crypto-mcp/blob/main/README.md
Zen7-Payment-Agent,First implementation project of DePA pioneers next-generation intelligent payment infrastructure,Finance,Official,true,172,https://github.com/zen7-labs/zen7-payment-agent,,"finance,payment",https://github.com/zen7-labs/zen7-payment-agent/blob/main/README.md
PayPal,PayPal Model Context Protocol server integrates with PayPal APIs through function calling,Finance,Official,true,171,https://github.com/paypal/agent-toolkit,,"api-design,finance,payment",https://github.com/paypal/agent-toolkit/blob/main/README.md
Xero,Interact with the accounting data in your business using our official MCP server,Finance,Official,true,163,https://github.com/XeroAPI/xero-mcp-server,,"finance,payment",https://github.com/XeroAPI/xero-mcp-server/blob/main/README.md
Search1API,Search crawling and sitemap API,Search,Official,true,160,https://github.com/fatwang2/search1api-mcp,,"api-design,search,semantic-search",https://github.com/fatwang2/search1api-mcp/blob/main/README.md
Meilisearch,Interact & query with Meilisearch (Full-text & semantic search API),Search,Official,true,158,https://github.com/meilisearch/meilisearch-mcp,,"api-design,search,semantic-search",https://github.com/meilisearch/meilisearch-mcp/blob/main/README.md
Storybook MCP,UI component story generation,Development,Official,true,153,https://github.com/storybookjs/addon-mcp,,"development,backend",https://github.com/storybookjs/addon-mcp/blob/main/README.md
Langfuse Prompt Management,Open-source tool for collaborative editing versioning evaluating and releasing prompts,Development,Official,true,151,https://github.com/langfuse/mcp-server-langfuse,,"development,backend",https://github.com/langfuse/mcp-server-langfuse/blob/main/README.md
Make,Turn your Make scenarios into callable tools for AI assistants,Automation,Official,true,147,https://github.com/integromat/make-mcp-server,,"api-integration,automation",https://github.com/integromat/make-mcp-server/blob/main/README.md
Intugle MCP,Generate automated semantic models using data engineering agents and built data products on demand,Data,Official,true,146,https://github.com/intugle/data-tools,,"agents,ai-ml,data",https://github.com/intugle/data-tools/blob/main/README.md
AgentQL,Enables agents to extract structured data from unstructured web content,Development,Official,true,138,https://github.com/tinyfish-io/agentql-mcp,,"agents,ai-ml",https://github.com/tinyfish-io/agentql-mcp/blob/main/README.md
StarRocks,Analytics database interaction,Database,Official,true,136,https://github.com/StarRocks/mcp-server-starrocks,,"database,schema-design,sql",https://github.com/StarRocks/mcp-server-starrocks/blob/main/README.md
Svelte MCP,Framework documentation and code suggestions,Development,Official,true,133,https://github.com/sveltejs/mcp,,"development,backend",https://github.com/sveltejs/mcp/blob/main/README.md
Logfire,Provides access to OpenTelemetry traces and metrics through Logfire,Monitoring,Official,true,129,https://github.com/pydantic/logfire-mcp,,"metrics,monitoring,observability",https://github.com/pydantic/logfire-mcp/blob/main/README.md
Plane,Official Plane MCP server provides integration with Plane APIs for AI automation,Productivity,Official,true,128,https://github.com/makeplane/plane-mcp-server,,"api-design,productivity,workflow",https://github.com/makeplane/plane-mcp-server/blob/main/README.md
AgentRPC,Connect functions across languages and network boundaries,Development,Official,true,124,https://github.com/agentrpc/agentrpc,,"development,backend",https://github.com/agentrpc/agentrpc/blob/main/README.md
Dart,Interact with task doc and project data in Dart AI project management tool,Development,Official,true,124,https://github.com/its-dart/dart-mcp-server,,"development,backend",https://github.com/its-dart/dart-mcp-server/blob/main/README.md
Zomato MCP,An mcp server for your food ordering needs,Food,Official,true,123,https://github.com/zomato/mcp-server-manifest,,api-integration,https://github.com/zomato/mcp-server-manifest/blob/main/README.md
BrowserStack,Bring the full power of BrowserStack's Test Platform to your AI tools,Productivity,Official,true,114,https://github.com/browserstack/mcp-server,,"productivity,web-scraping,workflow",https://github.com/browserstack/mcp-server/blob/main/README.md
Plugged.in,Comprehensive proxy combining multiple MCP servers into a single MCP with discovery tools,Integration,Official,true,113,https://github.com/VeriTeknik/pluggedin-mcp-proxy,,api-integration,https://github.com/VeriTeknik/pluggedin-mcp-proxy/blob/main/README.md
IBM wxflows,Tool platform for building testing and deploying tools for data sources,Cloud,Official,true,111,https://github.com/IBM/wxflows,,"cloud,devops",https://github.com/IBM/wxflows/blob/main/README.md
DINO-X,Advanced computer vision and object detection MCP server powered by Dino-X,Web Scraping,Official,true,108,https://github.com/IDEA-Research/DINO-X-MCP,,"content-extraction,web-scraping",https://github.com/IDEA-Research/DINO-X-MCP/blob/main/README.md
Chronulus AI,Predict anything with Chronulus AI forecasting and prediction agents,Development,Official,true,102,https://github.com/ChronulusAI/chronulus-mcp,,"agents,ai-ml",https://github.com/ChronulusAI/chronulus-mcp/blob/main/README.md
Vectorize,Advanced retrieval Deep Research and file extraction capabilities,Search,Official,true,102,https://github.com/vectorize-io/vectorize-mcp-server,,"search,semantic-search,vector-database",https://github.com/vectorize-io/vectorize-mcp-server/blob/main/README.md
Cycode,Boost security in your dev lifecycle via SAST SCA Secrets & IaC scanning,Development,Official,true,97,https://github.com/cycodehq/cycode-cli,,"development,backend",https://github.com/cycodehq/cycode-cli/blob/main/README.md
Taskade,Project and workflow management platform,Productivity,Official,true,95,https://github.com/taskade/mcp,,"productivity,workflow",https://github.com/taskade/mcp/blob/main/README.md
Webflow,Interact with Webflow APIs to list and edit your site and CMS data,Web,Official,true,93,https://github.com/webflow/mcp-server,,"api-design,web-scraping,content-extraction",https://github.com/webflow/mcp-server/blob/main/README.md
Octopus Deploy Official MCP Server,DevOps assistant for infrastructure inspection and diagnostics,DevOps,Official,true,92,https://github.com/octopusdeploy/mcp-server,,"automation,devops,infrastructure",https://github.com/octopusdeploy/mcp-server/blob/main/README.md
Needle,Production-ready RAG out of the box to search and retrieve data,Search,Official,true,90,https://github.com/needle-ai/needle-mcp,,"ai-ml,search,semantic-search",https://github.com/needle-ai/needle-mcp/blob/main/README.md
Square,Payment processing integration,Finance,Official,true,90,https://github.com/square/square-mcp-server,,"finance,payment",https://github.com/square/square-mcp-server/blob/main/README.md
Box,Interact with the Intelligent Content Management platform through Box AI,Development,Official,true,88,https://github.com/box-community/mcp-server-box,,"development,backend",https://github.com/box-community/mcp-server-box/blob/main/README.md
OceanBase,MCP Server for OceanBase database and its tools,Database,Official,true,87,https://github.com/oceanbase/mcp-oceanbase,,"database,schema-design,sql",https://github.com/oceanbase/mcp-oceanbase/blob/main/README.md
Octagon,Delivers investment research with market data,Finance,Official,true,86,https://github.com/OctagonAI/octagon-mcp-server,,"finance,payment,semantic-search",https://github.com/OctagonAI/octagon-mcp-server/blob/main/README.md
Keboola,Build robust data workflows integrations and analytics on a single intuitive platform,Data,Official,true,80,https://github.com/keboola/keboola-mcp-server,,"analytics,data",https://github.com/keboola/keboola-mcp-server/blob/main/README.md
SerpApi MCP,Search engine results aggregation,Search,Official,true,80,https://github.com/serpapi/serpapi-mcp,,"api-design,search,semantic-search",https://github.com/serpapi/serpapi-mcp/blob/main/README.md
DeepResearch,Lightning-Fast High-Accuracy Deep Research Agent,Development,Official,true,79,https://github.com/OctagonAI/octagon-deep-research-mcp,,"search,semantic-search",https://github.com/OctagonAI/octagon-deep-research-mcp/blob/main/README.md
Twilio,Send messages manage phone numbers configure accounts via Twilio APIs,Communication,Official,true,77,https://github.com/twilio-labs/mcp,,"api-design,communication,messaging",https://github.com/twilio-labs/mcp/blob/main/README.md
Bankless Onchain,"Query Onchain data, like ERC20 tokens, transaction history",Development,Official,true,76,https://github.com/bankless/onchain-mcp,,"development,backend",https://github.com/bankless/onchain-mcp/blob/main/README.md
Oxylabs,Scrape websites with Oxylabs Web API supporting dynamic rendering and parsing,Web Scraping,Official,true,76,https://github.com/oxylabs/oxylabs-mcp,,"api-design,content-extraction,web-scraping",https://github.com/oxylabs/oxylabs-mcp/blob/main/README.md
CircleCI,Enable AI Agents to fix build failures from CircleCI,Development,Official,true,75,https://github.com/CircleCI-Public/mcp-server-circleci,,"agents,ai-ml",https://github.com/CircleCI-Public/mcp-server-circleci/blob/main/README.md
Debugg AI,Enable your code gen agents to create & run 0-config end-to-end tests,Development,Official,true,75,https://github.com/debugg-ai/debugg-ai-mcp,,"agents,ai-ml",https://github.com/debugg-ai/debugg-ai-mcp/blob/main/README.md
Tinybird,Interact with Tinybird serverless ClickHouse platform,Database,Official,true,75,https://github.com/tinybirdco/mcp-tinybird,,"database,schema-design,sql",https://github.com/tinybirdco/mcp-tinybird/blob/main/README.md
Mureka,Generates lyrics songs and instrumental background music,AI/ML,Official,true,67,https://github.com/SkyworkAI/Mureka-mcp,,ai-ml,https://github.com/SkyworkAI/Mureka-mcp/blob/main/README.md
Anki MCP,Interaction with Anki spaced repetition flashcard application,Productivity,Official,true,62,https://github.com/anki-mcp/anki-mcp-desktop,,"productivity,workflow",https://github.com/anki-mcp/anki-mcp-desktop/blob/main/README.md
Narsil MCP,Blazingly fast best in class MCP server in Rust with neural engine,AI/ML,Official,true,62,https://github.com/postrv/narsil-mcp,,ai-ml,https://github.com/postrv/narsil-mcp/blob/main/README.md
Scrapeless,Real-time Google SERP results integration,Web Scraping,Official,true,61,https://github.com/scrapeless-ai/scrapeless-mcp-server,,"content-extraction,web-scraping",https://github.com/scrapeless-ai/scrapeless-mcp-server/blob/main/README.md
Rember,Create spaced repetition flashcards in Rember to remember chat learning,Learning,Official,true,59,https://github.com/rember/rember-mcp,,api-integration,https://github.com/rember/rember-mcp/blob/main/README.md
Axiom,Query and analyze your Axiom logs traces and all other event data,"Productivity,File System",Official,true,58,https://github.com/axiomhq/mcp-server-axiom,,"productivity,workflow",https://github.com/axiomhq/mcp-server-axiom/blob/main/README.md
OP.GG,Real-time gaming data across League of Legends TFT Valorant,Gaming,Official,true,54,https://github.com/opgginc/opgg-mcp,,api-integration,https://github.com/opgginc/opgg-mcp/blob/main/README.md
Mailtrap,Integrates with Mailtrap Email API,Email,Official,true,51,https://github.com/railsware/mailtrap-mcp,,"ai-ml,api-design,communication",https://github.com/railsware/mailtrap-mcp/blob/main/README.md
Twelve Data,Access real-time and historical financial market data for AI agents,Finance,Official,true,49,https://github.com/twelvedata/mcp,,"agents,finance,payment",https://github.com/twelvedata/mcp/blob/main/README.md
Last9,Bring real-time production context—logs metrics and traces—into your environment,Observability,Official,true,48,https://github.com/last9/last9-mcp-server,,"metrics,monitoring,observability",https://github.com/last9/last9-mcp-server/blob/main/README.md
gotoHuman,Human approval workflow platform for AI agents and automations,Automation,Official,true,47,https://github.com/gotohuman/gotohuman-mcp-server,,"agents,ai-ml",https://github.com/gotohuman/gotohuman-mcp-server/blob/main/README.md
Hostinger,Official Hostinger API server for services management,Hosting,Official,true,47,https://github.com/hostinger/api-mcp-server,,"api-design,api-integration",https://github.com/hostinger/api-mcp-server/blob/main/README.md
VeyraX,Control 100+ API integrations and UI components,Integration,Official,true,47,https://github.com/VeyraX/veyrax-mcp,,"api-design,api-integration",https://github.com/VeyraX/veyrax-mcp/blob/main/README.md
Gemini Cloud Assist,Manage and troubleshoot Google Cloud environment via natural language,Cloud,Official,true,46,https://github.com/googlecloudplatform/gemini-cloud-assist-mcp,,"cloud,devops",https://github.com/googlecloudplatform/gemini-cloud-assist-mcp/blob/main/README.md
Gitee,Gitee API integration for repository and pull request management,Development,Official,true,45,https://github.com/oschina/mcp-gitee,,"api-design,development,backend",https://github.com/oschina/mcp-gitee/blob/main/README.md
Metoro,Query and interact with Kubernetes environments,Kubernetes,Official,true,45,https://github.com/metoro-io/metoro-mcp-server,,"container,devops,kubernetes",https://github.com/metoro-io/metoro-mcp-server/blob/main/README.md
VideoDB,AI-driven video editing transcription and content moderation,AI/ML,Official,true,44,https://github.com/video-db/agent-toolkit,,ai-ml,https://github.com/video-db/agent-toolkit/blob/main/README.md
Buildkite,Manage Buildkite pipelines and builds,Development,Official,true,42,https://github.com/buildkite/buildkite-mcp-server,,"development,backend",https://github.com/buildkite/buildkite-mcp-server/blob/main/README.md
Trade Agent,Execute stock and crypto trades via Trade Agent,Finance,Official,true,41,https://github.com/Trade-Agent/trade-agent-mcp,,"finance,payment",https://github.com/Trade-Agent/trade-agent-mcp/blob/main/README.md
YepCode,Execute any LLM-generated code in the YepCode secure and scalable sandbox environment,Development,Official,true,41,https://github.com/yepcode/mcp-server-js,,"ai-ml,llm",https://github.com/yepcode/mcp-server-js/blob/main/README.md
Blueprint MCP,Browser automation via MCP for Chrome and Firefox,Development,Official,true,40,https://github.com/railsblueprint/blueprint-mcp,,"browser-automation,web-scraping",https://github.com/railsblueprint/blueprint-mcp/blob/main/README.md
delinea-mcp,Official Delinea MCP server for the Delinea Secret Server and Platform APIs,Development,Official,true,39,https://github.com/delineaxpm/delinea-mcp,,"api-design,development,backend",https://github.com/delineaxpm/delinea-mcp/blob/main/README.md
Mailgun,Interact with Mailgun API,Email,Official,true,39,https://github.com/mailgun/mailgun-mcp-server,,"ai-ml,api-design",https://github.com/mailgun/mailgun-mcp-server/blob/main/README.md
ZenML,Interact with your MLOps and LLMOps pipelines through your ZenML MCP server,AI/ML,Official,true,39,https://github.com/zenml-io/mcp-zenml,,"ai-ml,llm",https://github.com/zenml-io/mcp-zenml/blob/main/README.md
Unstructured,Unstructured data processing workflows in Unstructured Platform,Data,Official,true,38,https://github.com/Unstructured-IO/UNS-MCP,,"analytics,data",https://github.com/Unstructured-IO/UNS-MCP/blob/main/README.md
Globalping,Network access enabling ping traceroute mtr http and DNS resolve commands,Networking,Official,true,37,https://github.com/jsdelivr/globalping-mcp-server,,api-integration,https://github.com/jsdelivr/globalping-mcp-server/blob/main/README.md
WebScraping.AI,Interact with WebScraping.AI for web data extraction and scraping,Web Scraping,Official,true,36,https://github.com/webscraping-ai/webscraping-ai-mcp-server,,"api-design,content-extraction,web-scraping",https://github.com/webscraping-ai/webscraping-ai-mcp-server/blob/main/README.md
AlibabaCloud DevOps MCP,Yunxiao platform integration for AI assistants,Other,Official,true,35,https://github.com/aliyun/alibabacloud-devops-mcp-server,,api-integration,https://github.com/aliyun/alibabacloud-devops-mcp-server/blob/main/README.md
DexPaprika,Access real-time DEX analytics across 20+ blockchains with DexPaprika API,Productivity,Official,true,35,https://github.com/coinpaprika/dexpaprika-mcp,,"api-design,productivity,workflow",https://github.com/coinpaprika/dexpaprika-mcp/blob/main/README.md
Teradata,Tools for managing platform data quality and Teradata Database operations,Database,Official,true,35,https://github.com/Teradata/teradata-mcp-server,,"database,schema-design,sql",https://github.com/Teradata/teradata-mcp-server/blob/main/README.md
Integration App,Interact with SaaS applications on behalf of customers,Integration,Official,true,32,https://github.com/integration-app/mcp-server,,api-integration,https://github.com/integration-app/mcp-server/blob/main/README.md
ScreenshotOne,Website screenshot rendering,Utilities,Official,true,32,https://github.com/screenshotone/mcp,,api-integration,https://github.com/screenshotone/mcp/blob/main/README.md
Fireproof,Immutable ledger database with live synchronization,Database,Official,true,29,https://github.com/fireproof-storage/mcp-database-server,,"database,schema-design,sql",https://github.com/fireproof-storage/mcp-database-server/blob/main/README.md
Bitrix24 MCP-DEV,Provides AI assistants with structured access to the Bitrix24 API,Development,Official,true,28,https://github.com/bitrix24/b24restdocs/blob/main/sdk-mcp,,"api-design,development,backend",https://github.com/bitrix24/b24restdocs/blob/main/sdk-mcp/blob/main/README.md
Fibery,Perform queries and entity operations in Fibery workspace,Productivity,Official,true,27,https://github.com/Fibery-inc/fibery-mcp-server,,"productivity,workflow",https://github.com/Fibery-inc/fibery-mcp-server/blob/main/README.md
Ramp,Interact with Ramp's Developer API to run analysis on spend with LLM insights,Finance,Official,true,27,https://github.com/ramp-public/ramp-mcp,,"finance,llm,payment",https://github.com/ramp-public/ramp-mcp/blob/main/README.md
SingleStore,Database platform interaction,Database,Official,true,26,https://github.com/singlestore-labs/mcp-server-singlestore,,"database,schema-design,sql",https://github.com/singlestore-labs/mcp-server-singlestore/blob/main/README.md
Atlan,Metadata integration capabilities for AI tools,Development,Official,true,25,https://github.com/atlanhq/agent-toolkit,,"development,backend",https://github.com/atlanhq/agent-toolkit/blob/main/README.md
Couchbase,Interact with the data stored in Couchbase clusters using natural language,Development,Official,true,25,https://github.com/Couchbase-Ecosystem/mcp-server-couchbase,,"development,backend",https://github.com/Couchbase-Ecosystem/mcp-server-couchbase/blob/main/README.md
DataWorks,Provides tools for cloud resource operations via Aliyun Open API,Web Scraping,Official,true,25,https://github.com/aliyun/alibabacloud-dataworks-mcp-server,,"api-design,content-extraction,web-scraping",https://github.com/aliyun/alibabacloud-dataworks-mcp-server/blob/main/README.md
Hologres,Connect to a Hologres instance get table metadata query and analyze data,Database,Official,true,25,https://github.com/aliyun/alibabacloud-hologres-mcp-server,,"database,schema-design,sql",https://github.com/aliyun/alibabacloud-hologres-mcp-server/blob/main/README.md
EduBase,Comprehensive e-learning platform with advanced quizzing and exam management,Productivity,Official,true,24,https://github.com/EduBase/MCP,,"productivity,workflow",https://github.com/EduBase/MCP/blob/main/README.md
Inkeep,RAG Search over your content powered by Inkeep,Search,Official,true,24,https://github.com/inkeep/mcp-server-python,,"ai-ml,search,semantic-search",https://github.com/inkeep/mcp-server-python/blob/main/README.md
GreptimeDB,Provides AI assistants with a secure and structured way to explore and analyze data,Database,Official,true,23,https://github.com/GreptimeTeam/greptimedb-mcp-server,,"database,schema-design,sql",https://github.com/GreptimeTeam/greptimedb-mcp-server/blob/main/README.md
Scout Monitoring MCP,Error trace and production metric data integration,Observability,Official,true,23,https://github.com/scoutapp/scout-mcp-local,,"monitoring,observability",https://github.com/scoutapp/scout-mcp-local/blob/main/README.md
Infobip MCP servers,Global communication platform integration across channels,Communication,Official,true,22,https://github.com/infobip/mcp,,"communication,messaging",https://github.com/infobip/mcp/blob/main/README.md
Fewsats,Enable AI Agents to purchase items securely using Fewsats,E-Commerce,Official,true,21,https://github.com/Fewsats/fewsats-mcp,,"agents,ai-ml",https://github.com/Fewsats/fewsats-mcp/blob/main/README.md
Harness,Access pipelines repositories logs and artifact registries,CI/CD,Official,true,20,https://github.com/harness/mcp-server,,api-integration,https://github.com/harness/mcp-server/blob/main/README.md
Bucket,Flag features manage company data and control feature access,Productivity,Official,true,19,https://github.com/bucketco/bucket-javascript-sdk,,"productivity,workflow",https://github.com/bucketco/bucket-javascript-sdk/blob/main/README.md
Raygun,Interact with crash reporting and real-time monitoring data on Raygun accounts,Observability,Official,true,19,https://github.com/MindscapeHQ/mcp-server-raygun,,"monitoring,observability",https://github.com/MindscapeHQ/mcp-server-raygun/blob/main/README.md
GrowthBook,Create/read feature flags review experiments and manage feature flagging,Product,Official,true,18,https://github.com/growthbook/growthbook-mcp,,api-integration,https://github.com/growthbook/growthbook-mcp/blob/main/README.md
QA Sphere,Integration with QA Sphere test management system for LLM test case interaction,Testing,Official,true,18,https://github.com/Hypersequent/qasphere-mcp,,"ai-ml,llm,testing",https://github.com/Hypersequent/qasphere-mcp/blob/main/README.md
Tencent Cloud COS,Quickly integrate with Tencent Cloud Storage and Data Processing capabilities,Cloud,Official,true,18,https://github.com/Tencent/cos-mcp,,"ai-ml,cloud,embeddings",https://github.com/Tencent/cos-mcp/blob/main/README.md
Token Metrics,Fetching real-time crypto market data trading signals and analytics,Crypto,Official,true,18,https://github.com/token-metrics/mcp,,"metrics,observability",https://github.com/token-metrics/mcp/blob/main/README.md
Atla,State-of-the-art LLM evaluation API interaction,Development,Official,true,17,https://github.com/atla-ai/atla-mcp-server,,"ai-ml,api-design,llm",https://github.com/atla-ai/atla-mcp-server/blob/main/README.md
Audiense Insights,Marketing insights covering demographic and engagement analysis,Communication,Official,true,17,https://github.com/AudienseCo/mcp-audiense-insights,,"communication,messaging",https://github.com/AudienseCo/mcp-audiense-insights/blob/main/README.md
Decodo,Easy web data access. Simplified retrieval of information from websites and online sources,Development,Official,true,17,https://github.com/Decodo/decodo-mcp-server,,"development,backend",https://github.com/Decodo/decodo-mcp-server/blob/main/README.md
Currents,Enable AI Agents to fix Playwright test failures reported to Currents,Development,Official,true,14,https://github.com/currents-dev/currents-mcp,,"agents,ai-ml,playwright",https://github.com/currents-dev/currents-mcp/blob/main/README.md
Chargebee,Connects AI agents to Chargebee platform,Development,Official,true,13,https://github.com/chargebee/agentkit,,"agents,ai-ml",https://github.com/chargebee/agentkit/blob/main/README.md
ConfigCat,Manages feature flags and configurations across environments,Development,Official,true,13,https://github.com/configcat/mcp-server,,"development,backend",https://github.com/configcat/mcp-server/blob/main/README.md
IP2Location.io,IP2Location.io API integration to retrieve the geolocation information for an IP address,Networking,Official,true,13,https://github.com/ip2location/mcp-ip2location-io,,"api-design,api-integration",https://github.com/ip2location/mcp-ip2location-io/blob/main/README.md
mcpcodeserver,Transforms tool calls into TypeScript programs for smarter orchestration,Development,Official,true,13,https://github.com/zbowling/mcpcodeserver,,"development,typescript",https://github.com/zbowling/mcpcodeserver/blob/main/README.md
Scrapezy,Turn websites into datasets with Scrapezy,Web Scraping,Official,true,13,https://github.com/scrapezy/mcp,,"content-extraction,web-scraping",https://github.com/scrapezy/mcp/blob/main/README.md
Powerdrill,MCP server providing tools to interact with Powerdrill datasets for AI data analysis,Data,Official,true,12,https://github.com/powerdrillai/powerdrill-mcp,,"analytics,data",https://github.com/powerdrillai/powerdrill-mcp/blob/main/README.md
Riza,Arbitrary code execution and tool-use platform for LLMs by Riza,Development,Official,true,12,https://github.com/riza-io/riza-mcp,,"ai-ml,llm",https://github.com/riza-io/riza-mcp/blob/main/README.md
Aiven,Interact with PostgreSQL Kafka ClickHouse OpenSearch services,Productivity,Official,true,11,https://github.com/Aiven-Open/mcp-aiven,,"database,semantic-search,sql,workflow",https://github.com/Aiven-Open/mcp-aiven/blob/main/README.md
Buildable,Manages tasks track progress get project context and collaborate on projects,Web Scraping,Official,true,11,https://github.com/chunkydotdev/bldbl-mcp,,"content-extraction,web-scraping",https://github.com/chunkydotdev/bldbl-mcp/blob/main/README.md
Campertunity,"Search campgrounds around the world, check availability, provide booking links",Development,Official,true,11,https://github.com/campertunity/mcp-server,,"search,semantic-search",https://github.com/campertunity/mcp-server/blob/main/README.md
Digma,Code observability MCP enabling dynamic code analysis based on OTEL/APM data,Development,Official,true,11,https://github.com/digma-ai/digma-mcp-server,,"development,backend",https://github.com/digma-ai/digma-mcp-server/blob/main/README.md
ocireg,Enables interaction with OCI registries and container images,Cloud,Official,true,11,https://github.com/StacklokLabs/ocireg-mcp,,"cloud,devops",https://github.com/StacklokLabs/ocireg-mcp/blob/main/README.md
Root Signals,Equip AI agents with evaluation and self-improvement capabilities,AI/ML,Official,true,11,https://github.com/root-signals/root-signals-mcp,,"agents,ai-ml",https://github.com/root-signals/root-signals-mcp/blob/main/README.md
2slides,"1st, easiest, and cheapest PPT, slides, presentation AI generation MCP Server",Development,Official,true,10,https://github.com/2slides/2slides-mcp,,"development,backend",https://github.com/2slides/2slides-mcp/blob/main/README.md
DAISYS,Generate high-quality text-to-speech and text-to-voice outputs,Development,Official,true,10,https://github.com/daisys-ai/daisys-mcp,,"development,backend",https://github.com/daisys-ai/daisys-mcp/blob/main/README.md
Adfin,Payment platform for consolidating payments invoicing and accounting,Development,Official,true,9,https://github.com/Adfin-Engineering/mcp-server-adfin,,"development,backend",https://github.com/Adfin-Engineering/mcp-server-adfin/blob/main/README.md
ALAPI,Access hundreds of API interfaces via MCP,Communication,Official,true,9,https://github.com/ALAPI-SDK/mcp-alapi-cn,,"api-design,communication,messaging",https://github.com/ALAPI-SDK/mcp-alapi-cn/blob/main/README.md
Kontent.ai,Create manage and explore your content and content model using natural language,CMS,Official,true,8,https://github.com/kontent-ai/mcp-server,,api-integration,https://github.com/kontent-ai/mcp-server/blob/main/README.md
Norman Finance,Manages accounting and tax operations,Finance,Official,true,8,https://github.com/norman-finance/norman-mcp-server,,"finance,payment",https://github.com/norman-finance/norman-mcp-server/blob/main/README.md
Globus,Manage research data and computational resources,Research,Official,true,7,https://github.com/globus/globus-mcp,,"search,semantic-search",https://github.com/globus/globus-mcp/blob/main/README.md
Shipyard,Environment management and testing,DevOps,Official,true,7,https://github.com/shipyard/shipyard-cli,,"automation,devops,infrastructure",https://github.com/shipyard/shipyard-cli/blob/main/README.md
Unleash,Managing Unleash feature flags and automate best practices,Productivity,Official,true,7,https://github.com/unleash/unleash-mcp,,"productivity,workflow",https://github.com/unleash/unleash-mcp/blob/main/README.md
DevHub,Manage and utilize website content within the DevHub CMS platform,Development,Official,true,6,https://github.com/devhub/devhub-cms-mcp,,"development,backend",https://github.com/devhub/devhub-cms-mcp/blob/main/README.md
Jetty.io,Work on dataset metadata with MLCommons Croissant validation and creation,Data,Official,true,6,https://github.com/jettyio/mlcbakery,,"data,security,validation",https://github.com/jettyio/mlcbakery/blob/main/README.md
Pearch,Best people search engine that reduces the time spent on talent discovery,Recruiting,Official,true,6,https://github.com/Pearch-ai/mcp_pearch,,"frontend,semantic-search,ui-design",https://github.com/Pearch-ai/mcp_pearch/blob/main/README.md
VISO TRUST,Access and manage third-party risk program through AI assistant,Security,Official,true,6,https://github.com/visotrust/viso-mcp-server,,"compliance,security",https://github.com/visotrust/viso-mcp-server/blob/main/README.md
YetiBrowser MCP,Fully open-source solution to allow AI assistants to easily interact with existing browser,Automation,Official,true,6,https://github.com/yetidevworks/yetibrowser-mcp,,"browser-automation,web-scraping",https://github.com/yetidevworks/yetibrowser-mcp/blob/main/README.md
APIMatic MCP,OpenAPI specification validation using APIMatic,Productivity,Official,true,5,https://github.com/apimatic/apimatic-validator-mcp,,"security,validation,workflow",https://github.com/apimatic/apimatic-validator-mcp/blob/main/README.md
Hydrolix,Time-series datalake integration with schema exploration and query capabilities,Database,Official,true,5,https://github.com/hydrolix/mcp-hydrolix,,"database,schema-design,sql",https://github.com/hydrolix/mcp-hydrolix/blob/main/README.md
Mezmo MCP,Connects to observability platform for root-cause analysis,Observability,Official,true,5,https://github.com/mezmo/mezmo-mcp,,"monitoring,observability",https://github.com/mezmo/mezmo-mcp/blob/main/README.md
RAD Security,Interact with RAD Security platform for AI-powered security insights on Kubernetes,Security,Official,true,5,https://github.com/rad-security/mcp-server,,"compliance,container,kubernetes,security",https://github.com/rad-security/mcp-server/blob/main/README.md
UnifAI,Dynamically search and call tools using UnifAI Network,Integration,Official,true,5,https://github.com/unifai-network/unifai-mcp-server,,"search,semantic-search",https://github.com/unifai-network/unifai-mcp-server/blob/main/README.md
Bitnovo Pay,Cryptocurrency payment capabilities with webhook management,Communication,Official,true,4,https://github.com/bitnovo/mcp-bitnovo-pay,,"communication,messaging",https://github.com/bitnovo/mcp-bitnovo-pay/blob/main/README.md
Reexpress,Enable statistical verification for search software and data science workflows,Data Science,Official,true,4,https://github.com/ReexpressAI/reexpress_mcp_server,,"data,search,semantic-search",https://github.com/ReexpressAI/reexpress_mcp_server/blob/main/README.md
Routine,Calendar tasks and notes interaction capability,Productivity,Official,true,4,https://github.com/routineco/mcp-server,,"productivity,workflow",https://github.com/routineco/mcp-server/blob/main/README.md
Verodat,Interact with Verodat AI Ready Data platform,Data,Official,true,4,https://github.com/Verodat/verodat-mcp-server,,"analytics,data",https://github.com/Verodat/verodat-mcp-server/blob/main/README.md
Allyson,AI-powered SVG animation generator for static files,Web Scraping,Official,true,3,https://github.com/isaiahbjork/allyson-mcp,,"content-extraction,web-scraping",https://github.com/isaiahbjork/allyson-mcp/blob/main/README.md
Coresignal,Access comprehensive B2B data on companies employees and job postings,Development,Official,true,3,https://github.com/Coresignal-com/coresignal-mcp,,"development,backend",https://github.com/Coresignal-com/coresignal-mcp/blob/main/README.md
urlDNA,Scan and analyze potentially malicious URLs using urlDNA.io,Security,Official,true,3,https://github.com/urldna/mcp,,"compliance,security",https://github.com/urldna/mcp/blob/main/README.md
Dash0,Navigate your OpenTelemetry resources investigate incidents and query metrics logs and traces,Web Scraping,Official,true,2,https://github.com/dash0hq/mcp-dash0,,"metrics,observability,web-scraping",https://github.com/dash0hq/mcp-dash0/blob/main/README.md
GoPluto AI MCP,Quick human expert access via MCP,Human Services,Official,true,2,https://github.com/gopluto-ai/gopluto-ai-mcp,,api-integration,https://github.com/gopluto-ai/gopluto-ai-mcp/blob/main/README.md
gurddy mcp,Constraint satisfaction and linear programming solver for classic problems,AI/ML,Official,true,2,https://github.com/novvoo/gurddy-mcp,,ai-ml,https://github.com/novvoo/gurddy-mcp/blob/main/README.md
Sinch Engage/MessageMedia,Communication API integration,Communication,Official,true,2,https://github.com/messagemedia/sinch-engage-mcp-server,,"api-design,communication,messaging",https://github.com/messagemedia/sinch-engage-mcp-server/blob/main/README.md
Tomba MCP,B2B email finder and verifier with lead database for outreach,Marketing,Official,true,2,https://github.com/tomba-io/tomba-mcp-server,,"communication,email",https://github.com/tomba-io/tomba-mcp-server/blob/main/README.md
CRIC Wuye AI,Interact with capabilities of the CRIC Wuye AI platform for property management,Development,Official,true,1,https://github.com/wuye-ai/mcp-server-wuye-ai,,"development,backend",https://github.com/wuye-ai/mcp-server-wuye-ai/blob/main/README.md
Engram MCP Server,Hosted MCP server providing reliable memory for AI agents,AI/ML,Official,true,1,https://github.com/lumetra-io/engram-memory-mcp,,"agents,ai-ml",https://github.com/lumetra-io/engram-memory-mcp/blob/main/README.md
freispace MCP Server,Query freispace for resource scheduling and project planning data,Productivity,Official,true,1,https://github.com/freispace/mcp-server-analytics,,"productivity,workflow",https://github.com/freispace/mcp-server-analytics/blob/main/README.md
Fulcra Context,Access personal health workouts sleep location data privately,Health,Official,true,1,https://github.com/fulcradynamics/fulcra-context-mcp,,api-integration,https://github.com/fulcradynamics/fulcra-context-mcp/blob/main/README.md
return0,Debug your remote Node.js and Next.js applications from your AI IDE,Development,Official,true,1,https://github.com/getreturn0/mcp,,"development,backend",https://github.com/getreturn0/mcp/blob/main/README.md
Rostro,Multimodal generation tool for images music and videos,AI/ML,Official,true,1,https://github.com/rostrodotdev/rostro-mcp-server,,ai-ml,https://github.com/rostrodotdev/rostro-mcp-server/blob/main/README.md
Sophtron,Financial account and transaction data access,Finance,Sponsor,true,1,https://github.com/sophtron/chagpt-mcp,,"finance,payment",https://github.com/sophtron/chagpt-mcp/blob/main/README.md
TrackMage,Shipment tracking API and logistics management capabilities,E-Commerce,Official,true,1,https://github.com/trackmage/trackmage-mcp-server,,"api-design,api-integration",https://github.com/trackmage/trackmage-mcp-server/blob/main/README.md
Urlbox Screenshots,Take screenshots generate PDFs extract HTML/markdown from websites,Utilities,Official,true,1,https://github.com/urlbox/urlbox-mcp-server,,api-integration,https://github.com/urlbox/urlbox-mcp-server/blob/main/README.md
